year,quarter,quarter_end,vw_unlev_all,vw_unlev_core,vw_unlev_noncore,ew_unlev_all,ew_unlev_core,ew_unlev_noncore,vw_lev_all,vw_lev_core,vw_lev_noncore,ew_lev_all,ew_lev_core,ew_lev_noncore,n_all,n_core,n_noncore
1993,1,1993-03-31,14.763736,14.408649,,15.177894,15.095314,15.257103,20.151491,,,21.439019,23.177856,19.771155,96,47,49
1993,2,1993-06-30,-1.020736,-1.710437,0.338363,1.333883,1.269282,1.402361,-2.128587,-2.871547,-0.664535,1.744511,2.995658,0.418295,103,53,50
1993,3,1993-09-30,7.043263,6.197496,8.988302,7.976284,5.846196,10.574992,8.914424,7.900035,11.247250,11.330518,10.518912,12.320677,111,61,50
1993,4,1993-12-31,-4.572484,-4.808146,-3.982622,-1.213633,-1.720947,-0.562740,-6.599698,-7.023447,-5.539053,-1.453302,-3.097482,0.656212,121,68,53
1994,1,1994-03-31,2.665651,2.396776,3.509447,3.428724,4.170406,2.309458,3.034405,2.766696,3.874539,4.126904,5.019390,2.780062,138,83,55
1994,2,1994-06-30,1.512272,1.064513,2.950209,2.272021,0.998223,4.401978,1.351441,0.908093,2.775215,1.645793,-0.331872,4.952709,163,102,61
1994,3,1994-09-30,-0.128316,-0.424777,0.911175,0.819447,-0.072826,2.485023,-1.174111,-1.728041,0.768155,1.805187,1.241967,2.856531,172,112,60
1994,4,1994-12-31,0.967981,1.579636,-1.074435,-0.111375,0.231332,-0.796790,0.172601,0.924035,-2.336560,-2.532179,-3.008569,-1.579399,177,118,59
1995,1,1995-03-31,0.674688,-0.070171,3.322248,3.078240,1.859014,5.418369,-0.355007,-1.414289,3.410152,3.306880,2.327827,5.186032,181,119,62
1995,2,1995-06-30,4.112478,4.092523,4.179185,4.016743,4.076252,3.903394,5.443835,5.602134,4.914654,5.364919,5.656219,4.810063,183,120,63
1995,3,1995-09-30,3.984112,3.238009,6.404060,3.866256,2.917808,5.672824,4.946223,4.055929,7.833848,5.043793,4.115720,6.811552,183,120,63
1995,4,1995-12-31,3.733905,3.376031,4.874539,2.829518,2.512016,3.432771,4.479838,4.072260,5.778890,2.952351,2.549346,3.718061,174,114,60
1996,1,1996-03-31,2.776773,2.254537,4.240824,4.331313,3.422980,6.132042,3.371558,2.813546,4.935909,5.893808,5.154210,7.360028,170,113,57
1996,2,1996-06-30,3.082795,3.643994,1.529183,3.288616,3.204872,3.457573,3.937906,4.812336,1.517152,4.215622,4.642335,3.354711,172,115,57
1996,3,1996-09-30,4.684702,4.519505,5.141301,5.552422,4.419893,7.922345,6.424919,6.495648,6.229428,7.302001,6.484748,9.012179,167,113,54
1996,4,1996-12-31,11.921497,11.183369,14.037992,9.931335,9.038245,11.892631,18.082027,17.889589,18.633822,14.867969,14.682193,15.275947,163,112,51
1997,1,1997-03-31,1.127836,1.747310,-0.808927,2.155528,2.050468,2.404243,0.740721,1.555912,-1.807945,2.670400,2.795235,2.374874,165,116,49
1997,2,1997-06-30,3.615916,3.501307,3.993603,4.152027,4.117218,4.239421,4.633629,4.567959,4.850037,5.548148,5.762595,5.009751,165,118,47
1997,3,1997-09-30,7.283878,7.453969,6.689504,7.150325,7.007158,7.517190,10.388291,10.925431,8.511288,11.299980,11.829734,9.942485,171,123,48
1997,4,1997-12-31,1.879113,1.767741,2.315388,2.703121,2.275534,3.827860,1.832013,1.630560,2.621162,2.685490,1.968678,4.571016,167,121,46
1998,1,1998-03-31,0.504299,0.428424,0.833331,1.223341,1.698307,-0.138229,-0.094199,-0.125183,0.040161,1.607555,2.598609,-1.233467,174,129,45
1998,2,1998-06-30,7.502460,-1.533896,32.702067,-1.146080,-1.563465,-0.047253,5.728188,-3.735754,32.120197,-3.460178,-4.060402,-1.879995,178,129,49
1998,3,1998-09-30,-2.973347,-3.844515,-1.159215,-2.506429,-2.119479,-3.517238,-6.651541,-8.350236,-3.114153,-6.617131,-6.151177,-7.834318,177,128,49
1998,4,1998-12-31,2.186721,0.986472,4.541296,0.876616,1.226754,-0.030884,1.252623,-0.374703,4.445010,-0.703676,-0.365696,-1.579663,176,127,49
1999,1,1999-03-31,-4.855882,-1.222037,-11.354381,-2.158232,-1.760130,-3.177373,-7.813422,-4.168152,-14.332355,-5.927871,-5.394993,-7.292040,178,128,50
1999,2,1999-06-30,9.944372,6.515752,16.561561,6.956114,7.173025,6.434693,14.410526,11.870626,19.312498,13.033929,14.104673,10.460025,177,125,52
1999,3,1999-09-30,-12.941484,-3.129727,-30.417954,-2.770179,-1.786861,-5.077195,-17.741431,-8.142707,-34.838454,-7.591370,-6.008751,-11.304437,174,122,52
1999,4,1999-12-31,0.738922,1.147867,-0.796260,0.031544,0.223880,-0.424783,-0.399263,0.255151,-2.855939,-1.992904,-2.153998,-1.610699,172,121,51
2000,1,2000-03-31,2.463338,2.582019,2.011049,1.674104,2.028434,0.856420,2.944862,3.312165,1.545081,1.118281,2.233303,-1.454849,172,120,52
2000,2,2000-06-30,6.849060,6.083340,8.888512,5.060254,5.344696,4.409319,11.429434,11.044061,12.455854,8.274988,9.297539,5.934921,171,119,52
2000,3,2000-09-30,4.573626,5.589858,1.857382,3.568635,4.194012,2.146209,7.660009,9.222794,3.482906,5.417679,6.037205,4.008560,167,116,51
2000,4,2000-12-31,2.687522,2.999601,1.378658,1.928045,2.290040,1.117176,3.761603,4.283069,1.574559,2.050177,1.725047,2.778469,162,112,50
2001,1,2001-03-31,0.746437,-0.219731,4.968963,3.920445,2.593904,6.925468,0.527972,-1.214397,8.142792,7.808302,5.054839,14.045737,160,111,49
2001,2,2001-06-30,7.567306,5.888998,11.954084,6.011235,5.796118,6.493098,12.480086,10.867725,16.694492,11.233746,10.379993,13.146153,162,112,50
2001,3,2001-09-30,-0.632893,0.805756,-4.171979,0.878379,1.154760,0.299040,-3.255424,-0.676683,-9.599148,-2.041950,-0.953616,-4.323265,161,109,52
2001,4,2001-12-31,2.929114,2.530029,4.628736,3.319510,3.584546,2.773536,4.825394,3.895915,8.783859,5.820986,5.365390,6.759516,153,103,50
2002,1,2002-03-31,4.863943,4.211037,7.372744,5.959403,4.583686,8.851217,8.190920,7.030482,12.649920,8.977141,7.541654,11.994595,152,103,49
2002,2,2002-06-30,2.983757,3.309319,2.196354,3.439607,3.642659,3.025540,4.225437,5.170689,1.939257,5.959875,7.574417,2.667474,155,104,51
2002,3,2002-09-30,-3.615208,-3.210397,-4.634161,-2.128086,-1.882562,-2.643685,-8.138492,-7.801527,-8.986669,-6.295152,-5.623082,-7.706501,155,105,50
2002,4,2002-12-31,1.219358,1.257515,1.073710,1.376662,1.669133,0.766829,0.389513,0.685563,-0.740539,0.375233,1.444776,-1.854880,145,98,47
2003,1,2003-03-31,1.343222,2.306782,-2.377705,1.986254,2.491018,0.932834,0.883173,2.949937,-7.097938,1.144637,3.068017,-2.869374,142,96,46
2003,2,2003-06-30,8.929977,6.336989,15.808132,6.995970,6.722488,7.548514,15.178031,12.013090,23.573351,15.362632,13.550793,19.023285,148,99,49
2003,3,2003-09-30,5.615772,5.159535,6.748275,4.430542,4.507052,4.272742,8.994884,8.692487,9.745512,8.327228,7.907133,9.193675,147,99,48
2003,4,2003-12-31,6.164853,5.793232,7.026420,6.776062,5.991618,8.294879,9.864696,9.804855,10.003431,11.080521,9.584466,13.977139,138,91,47
2004,1,2004-03-31,7.538103,7.305400,8.057962,6.621718,6.237498,7.407234,11.983368,12.539241,10.741550,11.026366,10.874367,11.337120,137,92,45
2004,2,2004-06-30,-2.700320,-2.528212,-3.102451,-2.679728,-2.380698,-3.277788,-5.431566,-5.687048,-4.834630,-5.501922,-5.507171,-5.491423,150,100,50
2004,3,2004-09-30,5.174115,5.268990,4.965096,4.916341,5.089147,4.590668,7.821080,8.443671,6.449458,7.670121,8.487281,6.130088,150,98,52
2004,4,2004-12-31,9.578930,9.498640,9.749618,8.170043,7.965936,8.517782,15.087027,15.858293,13.447398,13.652244,13.361255,14.148003,146,92,54
2005,1,2005-03-31,-3.843162,-3.751929,-4.037731,-2.967199,-3.486548,-2.200945,-6.982991,-7.483491,-5.915598,-6.178967,-7.102172,-4.816862,151,90,61
2005,2,2005-06-30,8.020385,8.907157,6.155467,7.264854,7.751990,6.534150,13.433101,15.572521,8.933812,11.992914,12.906162,10.623043,155,93,62
2005,3,2005-09-30,2.565777,2.684620,2.312813,2.155122,1.819079,2.632934,3.399102,3.603202,2.964664,2.660231,2.023529,3.565541,155,91,64
2005,4,2005-12-31,0.833124,1.942011,-1.444843,1.211807,1.851202,0.349132,0.754353,2.095753,-2.001259,1.201592,1.905375,0.252043,148,85,63
2006,1,2006-03-31,9.373178,10.117140,7.852654,7.890511,8.970831,6.511025,14.788779,16.418625,11.457667,13.223678,15.101551,10.825779,148,83,65
2006,2,2006-06-30,-0.296849,-0.265454,-0.362595,-0.237945,-0.696946,0.332328,-1.310779,-1.462386,-0.993294,-1.246190,-2.188008,-0.076052,148,82,66
2006,3,2006-09-30,6.537040,6.434259,6.742277,5.519785,5.679999,5.327028,9.628185,9.932755,9.020008,8.744576,9.660205,7.642960,141,77,64
2006,4,2006-12-31,7.383946,6.176716,9.794745,7.806325,8.674952,6.731584,10.668405,9.428745,13.143967,10.657679,11.221011,9.960676,132,73,59
2007,1,2007-03-31,1.764458,1.980970,1.380749,1.291690,0.645371,2.105161,2.375311,2.736954,1.734397,1.305566,0.245267,2.640079,131,73,58
2007,2,2007-06-30,-4.801190,-5.182772,-4.113363,-2.282616,-3.219130,-1.078526,-8.451636,-9.400333,-6.741549,-4.471061,-5.850416,-2.697604,128,72,56
2007,3,2007-09-30,0.012250,1.797781,-2.894702,-0.089107,-0.148788,-0.012534,-0.717345,1.673002,-4.608974,-2.115748,-1.742023,-2.595245,121,68,53
2007,4,2007-12-31,-6.869443,-7.700900,-5.420039,-5.192230,-6.229157,-3.861832,-13.191200,-15.094983,-9.872505,-12.355258,-14.435675,-9.686043,121,68,53
2008,1,2008-03-31,-0.481923,1.994980,-4.406012,0.588009,1.549445,-0.627392,-1.831856,2.341712,-8.443927,0.195951,2.074115,-2.178333,120,67,53
2008,2,2008-06-30,-2.337411,-1.974822,-2.956846,-1.691691,-1.938971,-1.373081,-5.407933,-4.717395,-6.587626,-5.277383,-5.746617,-4.672792,119,67,52
2008,3,2008-09-30,4.136610,3.954666,4.448030,4.559997,5.230206,3.709347,4.022040,4.488586,3.223491,5.631344,7.621421,3.105478,118,66,52
2008,4,2008-12-31,-18.920155,-19.694730,-17.579145,-15.479050,-15.733648,-15.149570,-37.396625,-40.597114,-31.855669,-38.512318,-38.171854,-38.952919,117,66,51
2009,1,2009-03-31,-13.301248,-13.634934,-12.793179,-8.565438,-9.879834,-6.864455,-30.113492,-34.350987,-23.661491,-25.727862,-31.963796,-17.657830,117,66,51
2009,2,2009-06-30,10.715472,10.659975,10.789561,8.686814,8.247764,9.254997,28.388768,31.891024,23.713213,37.735869,37.912389,37.507431,117,66,51
2009,3,2009-09-30,14.345652,15.073303,13.255367,11.263905,11.974101,10.344828,31.789102,35.791986,25.791335,33.288264,35.033361,31.029904,117,66,51
2009,4,2009-12-31,5.597194,4.672001,7.092554,4.073857,3.216569,5.183287,8.876927,8.200857,9.969636,5.807990,5.180041,6.620630,117,66,51
2010,1,2010-03-31,5.610168,5.578053,5.654889,5.725139,5.355712,6.206091,10.046972,10.106713,9.963781,16.127534,13.881150,19.052073,122,69,53
2010,2,2010-06-30,-1.329256,-1.379665,-1.258147,-1.647069,-1.853162,-1.384770,-3.914065,-4.263420,-3.421243,-5.036328,-5.468907,-4.485773,125,70,55
2010,3,2010-09-30,8.033716,8.171460,7.841657,6.058745,6.224233,5.848929,12.613751,14.039801,10.625375,12.403453,10.751198,14.498277,127,71,56
2010,4,2010-12-31,4.705186,4.799178,4.573852,5.176505,5.193176,5.154378,8.192700,8.129384,8.281171,11.099261,10.013573,12.540264,128,73,55
2011,1,2011-03-31,4.889537,4.065216,6.050551,3.201782,2.464433,4.129824,7.071857,6.203191,8.295329,4.593380,3.828854,5.555628,131,73,58
2011,2,2011-06-30,1.997825,3.869395,-0.340755,1.208406,1.834480,0.481352,2.367747,5.431594,-1.460617,0.417842,1.759091,-1.139737,134,72,62
2011,3,2011-09-30,-7.492307,-7.875730,-6.987617,-8.315565,-7.549301,-9.189585,-13.807061,-14.764651,-12.546610,-17.929485,-17.195285,-18.766933,137,73,64
2011,4,2011-12-31,9.661643,8.014146,11.727202,7.884309,6.362087,9.701155,14.988319,13.143797,17.300898,14.123369,11.344592,17.439974,136,74,62
2012,1,2012-03-31,6.666593,7.401784,5.776294,6.689470,6.495595,6.924662,10.580884,12.134895,8.699014,12.860931,12.532234,13.259677,135,74,61
2012,2,2012-06-30,3.502735,2.741108,4.470444,2.496445,2.342577,2.687538,4.438396,3.611420,5.489136,2.878475,2.179535,3.746514,139,77,62
2012,3,2012-09-30,1.461553,0.472455,2.692130,2.505878,1.933545,3.205396,1.750161,0.266703,3.595791,4.165217,3.351372,5.159916,140,77,63
2012,4,2012-12-31,2.873877,1.648823,4.315308,3.142683,2.468831,3.942882,3.497142,1.882720,5.396713,4.119606,3.416803,4.954185,140,76,64
2013,1,2013-03-31,5.207133,3.565856,7.106461,8.223596,6.511711,10.256460,7.787031,5.795576,10.091594,15.089270,11.484254,19.370227,140,76,64
2013,2,2013-06-30,-0.923600,0.244413,-2.189691,-1.386743,-0.831207,-2.015806,-1.860536,-0.394592,-3.449577,-2.746682,-2.315546,-3.234880,145,77,68
2013,3,2013-09-30,-0.923731,-1.749421,-0.008307,-0.167842,-1.044704,0.757068,-2.152414,-3.434107,-0.731429,-1.434751,-2.726627,-0.072087,150,77,73
2013,4,2013-12-31,0.546142,0.790903,0.287273,1.457003,0.957345,1.983670,0.493707,0.722727,0.251486,1.819059,1.110068,2.566373,152,78,74
2014,1,2014-03-31,5.404599,6.749516,3.995505,4.481974,5.318198,3.624309,7.987758,10.391267,5.469562,6.693013,8.331484,5.012529,158,80,78
2014,2,2014-06-30,5.108213,4.852804,5.388796,4.344208,3.929465,4.769451,7.216917,7.019999,7.433244,6.561902,5.764566,7.379423,160,81,79
2014,3,2014-09-30,-1.131242,-1.663244,-0.555026,-1.739713,-1.918658,-1.558612,-2.341647,-3.327824,-1.273511,-3.366296,-3.826315,-2.900734,167,84,83
2014,4,2014-12-31,8.716513,9.165555,8.229072,7.632606,7.769300,7.492537,12.720778,13.825629,11.521447,11.845259,12.291850,11.387642,164,83,81
2015,1,2015-03-31,3.083100,4.426673,1.601383,3.023076,2.727313,3.318839,4.143535,6.065158,2.024332,4.162648,3.669491,4.655806,168,84,84
2015,2,2015-06-30,-5.410862,-6.672255,-4.003239,-4.609470,-5.169514,-4.042913,-8.721804,-10.691321,-6.523967,-8.165682,-9.224264,-7.094791,173,87,86
2015,3,2015-09-30,1.308211,2.634727,-0.053799,-0.661023,0.937625,-2.136697,0.959729,3.152537,-1.291752,-2.391709,0.460911,-5.024896,175,84,91
2015,4,2015-12-31,5.482588,5.380698,5.592653,3.801695,4.751271,2.916136,7.374784,7.786992,6.929498,5.330127,7.240271,3.548756,172,83,89
2016,1,2016-03-31,4.288144,3.815302,4.795095,4.022540,3.903993,4.134428,5.587795,5.102866,6.107706,5.907983,5.632278,6.168198,173,84,89
2016,2,2016-06-30,4.775976,4.125589,5.436198,5.299412,6.009677,4.658630,7.048785,6.103577,8.008289,8.337028,9.931983,6.898102,175,83,92
2016,3,2016-09-30,-0.918409,-0.338113,-1.490086,1.440512,1.299372,1.564957,-1.285776,-0.679151,-1.883392,2.302184,1.952172,2.610796,175,82,93
2016,4,2016-12-31,-2.040725,-2.775739,-1.318105,0.924496,0.010078,1.720924,-3.374441,-4.385467,-2.380466,1.621007,-0.184839,3.193841,174,81,93
2017,1,2017-03-31,2.110845,-0.726999,4.827749,1.173045,-0.981496,3.052539,2.536900,-1.769220,6.659507,0.823994,-2.632627,3.839344,176,82,94
2017,2,2017-06-30,1.777345,0.137323,3.215238,1.659789,0.868067,2.343171,1.929368,-0.696618,4.231706,1.700521,0.225260,2.973903,177,82,95
2017,3,2017-09-30,1.076364,0.600985,1.472150,1.568302,1.872299,1.303957,1.086680,0.477076,1.594216,2.021789,2.601216,1.517939,172,80,92
2017,4,2017-12-31,2.163399,2.426732,1.952198,2.187828,2.904036,1.565037,2.693253,3.328901,2.183444,2.564812,3.813832,1.478707,172,80,92
2018,1,2018-03-31,-3.960242,-5.169953,-2.996846,-4.271814,-5.255242,-3.425855,-6.583842,-8.519663,-5.042182,-7.991745,-9.863624,-6.381527,173,80,93
2018,2,2018-06-30,5.733040,5.767804,5.706508,6.892873,6.962811,6.831206,8.332211,8.573564,8.148011,11.383754,11.335917,11.425934,175,82,93
2018,3,2018-09-30,0.791219,1.801712,0.020578,1.030239,1.334995,0.755296,0.846189,2.091751,-0.103726,1.089105,1.343715,0.859401,175,83,92
2018,4,2018-12-31,-3.279787,-3.571040,-3.056861,-5.191452,-4.871574,-5.489765,-5.600469,-6.471230,-4.933985,-10.683218,-10.261528,-11.076480,172,83,89
2019,1,2019-03-31,11.834646,11.232683,12.283179,10.315626,10.945017,9.741566,16.990746,16.414869,17.419843,17.150546,17.636108,16.707672,174,83,91
2019,2,2019-06-30,1.621238,-0.740008,3.351445,1.277798,0.835542,1.685269,1.642482,-1.777724,4.148645,1.078972,0.498575,1.613719,171,82,89
2019,3,2019-09-30,5.770531,5.207736,6.160861,4.849769,4.916370,4.788464,7.788578,7.069898,8.287023,7.331549,7.889030,6.818413,169,81,88
2019,4,2019-12-31,0.030788,0.248921,-0.116921,1.246779,1.538927,0.981189,-0.155577,0.150100,-0.362568,1.370265,1.715431,1.056478,168,80,88
2020,1,2020-03-31,-15.752227,-21.504447,-11.844105,-17.656880,-18.748878,-16.664154,-24.255798,-32.842435,-18.421944,-33.234505,-34.115017,-32.434040,168,80,88
2020,2,2020-06-30,8.263235,6.391939,9.297654,7.415612,6.865959,7.915297,13.017787,11.036402,14.113061,17.278147,15.990305,18.448913,168,80,88
2020,3,2020-09-30,1.157815,-1.923992,2.803986,0.059561,-1.508723,1.485274,0.828283,-4.346070,3.592202,-3.259054,-6.201386,-0.584207,168,80,88
2020,4,2020-12-31,5.015486,9.337985,2.880005,9.568653,9.617042,9.523600,8.879740,15.950859,5.386336,22.907761,22.563725,23.228071,168,81,87
2021,1,2021-03-31,5.447099,7.658950,4.228483,6.327977,6.890395,5.803906,8.401396,12.439752,6.176469,12.593488,13.828387,11.442787,170,82,88
2021,2,2021-06-30,8.780498,8.023935,9.222534,6.273652,6.707743,5.869158,12.061648,11.698681,12.273718,10.240718,11.089903,9.449432,170,82,88
2021,3,2021-09-30,0.518144,1.875945,-0.269004,1.197992,1.587924,0.839799,0.193437,1.876518,-0.782283,0.780764,1.896255,-0.243932,165,79,86
2021,4,2021-12-31,11.169988,12.138060,10.597662,8.079111,9.226886,6.999657,14.698980,16.201583,13.810639,11.515237,13.679359,9.479932,163,79,84
2022,1,2022-03-31,-4.112056,-3.245546,-4.659106,-1.350793,-1.265286,-1.433171,-5.350314,-4.145379,-6.111020,-1.589690,-1.953235,-1.239446,161,79,82
2022,2,2022-06-30,-9.741194,-13.275948,-7.444105,-9.530291,-11.056195,-8.004387,-13.980787,-19.387388,-10.467264,-17.204554,-19.521186,-14.887921,160,80,80
2022,3,2022-09-30,-6.956319,-5.798636,-7.601233,-5.429723,-5.918507,-4.947288,-10.572406,-9.433579,-11.206816,-11.129693,-12.307111,-9.967566,153,76,77
2022,4,2022-12-31,2.439030,3.355503,1.918820,3.234729,4.185979,2.307871,3.627706,5.382443,2.631680,3.934597,5.627878,2.284733,154,76,78
2023,1,2023-03-31,1.349914,-0.314247,2.332725,0.437780,-0.626198,1.460836,0.993508,-1.752915,2.615475,-0.820956,-3.658766,1.907706,153,75,78
2023,2,2023-06-30,1.195368,1.983732,0.736743,1.392201,1.950102,0.841640,1.444043,2.802028,0.654044,1.625082,3.043044,0.225778,151,75,76
2023,3,2023-09-30,-5.355786,-5.469882,-5.288124,-2.965616,-3.051918,-2.883796,-8.245381,-8.082469,-8.341992,-6.332686,-5.096389,-7.504759,150,73,77
2023,4,2023-12-31,11.396989,10.069131,12.162511,8.199420,8.455589,7.960105,17.588345,16.276254,18.344776,16.121819,17.879009,14.480233,147,71,76
2024,1,2024-03-31,-0.386391,0.195517,-0.716888,0.026700,-0.177877,0.220510,-1.124581,-0.198121,-1.650767,-1.826240,-2.355864,-1.324490,148,72,76
2024,2,2024-06-30,0.482132,1.430275,-0.062277,0.566239,1.034235,0.134710,0.234021,1.296702,-0.376153,-0.591335,0.222178,-1.341458,148,71,77
2024,3,2024-09-30,11.790463,10.061419,12.794438,8.570734,9.361312,7.841760,17.171946,15.574466,18.099528,14.972351,17.021580,13.082802,148,71,77
2024,4,2024-12-31,-4.891222,-3.524730,-5.664636,-2.532843,-2.462922,-2.596489,-7.418518,-5.407660,-8.556634,-5.857662,-5.646835,-6.049570,149,71,78
2025,1,2025-03-31,1.986225,1.146784,2.473769,0.166324,-0.191440,0.487859,2.406584,0.541940,3.489560,-2.684674,-3.287914,-2.142522,150,71,79
2025,2,2025-06-30,-0.100497,-2.439233,1.212688,-0.456143,-1.477161,0.437247,-0.453975,-3.792888,1.420805,-1.944401,-3.117717,-0.917750,150,70,80
2025,3,2025-09-30,1.723197,2.699296,1.205129,2.430428,2.450298,2.413042,2.093827,4.170180,0.991798,4.164888,5.299119,3.172437,150,70,80
2025,4,2025-12-31,-1.613140,-1.449448,-1.701778,-0.034622,-0.479825,0.342954,-3.253818,-3.510102,-3.115042,-2.100272,-4.406242,-0.144575,146,67,79
