group,weighting,series,period_start,period_end,n_quarters,mean_qtr,sd_qtr,ann_return,ann_volatility,min_qtr,max_qtr
All,VW,unlevered,1993Q1,2025Q4,132,2.178472,5.583915,8.336114,11.167830,-18.920155,14.763736
All,VW,levered,1993Q1,2025Q4,132,2.790794,9.498292,9.622628,18.996584,-37.396625,31.789102
All,EW,unlevered,1993Q1,2025Q4,132,2.259244,4.742551,8.865392,9.485101,-17.656880,15.177894
All,EW,levered,1993Q1,2025Q4,132,3.124358,10.007189,10.847709,20.014377,-38.512318,37.735869
Core,VW,unlevered,1993Q1,2025Q4,132,2.004672,5.629860,7.578742,11.259720,-21.504447,15.073303
Core,VW,levered,1993Q1,2025Q4,131,2.540548,10.128854,8.223416,20.257709,-40.597114,35.791986
Core,EW,unlevered,1993Q1,2025Q4,132,2.125638,4.885916,8.265399,9.771832,-18.748878,15.095314
Core,EW,levered,1993Q1,2025Q4,132,2.976521,10.373593,10.026162,20.747185,-38.171854,37.912389
Non-core,VW,unlevered,1993Q1,2025Q4,131,2.408016,6.940137,8.950784,13.880275,-30.417954,32.702067
Non-core,VW,levered,1993Q1,2025Q4,131,2.861779,9.841824,9.808795,19.683649,-34.838454,32.120197
Non-core,EW,unlevered,1993Q1,2025Q4,132,2.437178,4.821158,9.613641,9.642316,-16.664154,15.257103
Non-core,EW,levered,1993Q1,2025Q4,132,3.293524,9.943160,11.628689,19.886320,-38.952919,37.507431
Diversified,VW,unlevered,1993Q1,2025Q4,132,2.198524,11.093451,6.667263,22.186903,-47.497724,83.305246
Diversified,VW,levered,1993Q1,2025Q4,132,2.830112,15.738315,6.502053,31.476629,-50.193790,85.378756
Diversified,EW,unlevered,1993Q1,2025Q4,132,2.307890,4.803044,9.066256,9.606088,-18.106222,15.527054
Diversified,EW,levered,1993Q1,2025Q4,132,3.159338,11.171928,10.463564,22.343856,-44.071851,37.818011
Health Care,VW,unlevered,1993Q1,2025Q4,132,2.689635,6.759652,10.210975,13.519304,-24.385342,17.100082
Health Care,VW,levered,1993Q1,2025Q4,132,3.415351,10.841322,11.754067,21.682645,-37.376621,27.040137
Health Care,EW,unlevered,1993Q1,2025Q4,132,2.628517,6.125977,10.133645,12.251955,-19.547442,15.129052
Health Care,EW,levered,1993Q1,2025Q4,132,3.656265,10.844271,12.858030,21.688542,-33.270345,33.201010
Industrial,VW,unlevered,1993Q1,2025Q4,132,2.472356,5.984612,9.500222,11.969224,-20.346786,23.272560
Industrial,VW,levered,1993Q1,2025Q4,132,3.256403,10.366807,11.202008,20.733613,-45.088847,32.739781
Industrial,EW,unlevered,1993Q1,2025Q4,132,2.517663,5.351163,9.845446,10.702326,-17.309824,19.558116
Industrial,EW,levered,1993Q1,2025Q4,132,3.872873,10.425464,13.902868,20.850929,-40.717259,35.780276
Multifamily,VW,unlevered,1993Q1,2025Q4,132,2.133170,5.782413,8.096727,11.564827,-18.699215,17.264125
Multifamily,VW,levered,1993Q1,2025Q4,132,2.874693,9.511693,10.011586,19.023387,-32.929274,36.505444
Multifamily,EW,unlevered,1993Q1,2025Q4,132,2.109994,4.865391,8.206338,9.730783,-16.693120,16.138858
Multifamily,EW,levered,1993Q1,2025Q4,132,3.117829,9.595114,11.018441,19.190228,-32.960183,37.153521
Office,VW,unlevered,1993Q1,2025Q4,132,1.750911,5.842665,6.463573,11.685330,-18.864849,17.153181
Office,VW,levered,1993Q1,2025Q4,132,2.249993,11.304355,6.493577,22.608709,-38.618769,43.264401
Office,EW,unlevered,1993Q1,2025Q4,132,2.165352,5.581484,8.295679,11.162969,-16.290089,22.001844
Office,EW,levered,1993Q1,2025Q4,132,2.525330,11.622362,7.547276,23.244723,-38.776797,41.989808
Shopping Center,VW,unlevered,1993Q1,2025Q4,132,1.974263,6.724426,7.127230,13.448853,-30.402327,14.294808
Shopping Center,VW,levered,1993Q1,2025Q4,132,2.709729,11.945463,7.872295,23.890927,-49.025882,30.438203
Shopping Center,EW,unlevered,1993Q1,2025Q4,132,1.983109,5.864891,7.412805,11.729782,-28.752359,14.545182
Shopping Center,EW,levered,1993Q1,2025Q4,132,2.967417,12.267740,8.902341,24.535479,-51.908090,46.084503
All,VW,unlevered,1993Q1,2012Q4,80,2.568876,5.714471,9.971915,11.428942,-18.920155,14.763736
All,VW,levered,1993Q1,2012Q4,80,3.328855,10.359834,11.540667,20.719668,-37.396625,31.789102
All,EW,unlevered,1993Q1,2012Q4,80,2.692561,4.550674,10.769824,9.101348,-15.479050,15.177894
All,EW,levered,1993Q1,2012Q4,80,3.818143,10.363855,13.733924,20.727710,-38.512318,37.735869
Core,VW,unlevered,1993Q1,2012Q4,80,2.467814,5.371532,9.619410,10.743064,-19.694730,15.073303
Core,VW,levered,1993Q1,2012Q4,79,3.146044,10.717378,10.532736,21.434756,-40.597114,35.791986
Core,EW,unlevered,1993Q1,2012Q4,80,2.537308,4.562652,10.097383,9.125304,-15.733648,15.095314
Core,EW,levered,1993Q1,2012Q4,80,3.656683,10.647361,12.865517,21.294721,-38.171854,37.912389
Non-core,VW,unlevered,1993Q1,2012Q4,79,2.800010,7.884976,10.323579,15.769953,-30.417954,32.702067
Non-core,VW,levered,1993Q1,2012Q4,79,3.263163,11.108786,10.926812,22.217571,-34.838454,32.120197
Non-core,EW,unlevered,1993Q1,2012Q4,80,2.922202,4.809102,11.716206,9.618204,-15.149570,15.257103
Non-core,EW,levered,1993Q1,2012Q4,80,4.012834,10.405632,14.596307,20.811264,-38.952919,37.507431
Diversified,VW,unlevered,1993Q1,2012Q4,80,2.742989,13.414394,7.907740,26.828787,-47.497724,83.305246
Diversified,VW,levered,1993Q1,2012Q4,80,3.454819,18.561534,7.172547,37.123067,-50.193790,85.378756
Diversified,EW,unlevered,1993Q1,2012Q4,80,2.880999,4.714385,11.560541,9.428770,-14.037072,15.527054
Diversified,EW,levered,1993Q1,2012Q4,80,4.068307,11.410501,14.301662,22.821002,-44.071851,34.867992
Health Care,VW,unlevered,1993Q1,2012Q4,80,3.093981,6.543776,12.045762,13.087552,-16.759659,16.949414
Health Care,VW,levered,1993Q1,2012Q4,80,3.947071,10.944042,14.119905,21.888084,-26.517267,27.040137
Health Care,EW,unlevered,1993Q1,2012Q4,80,3.133887,6.166969,12.323273,12.333939,-16.603393,15.129052
Health Care,EW,levered,1993Q1,2012Q4,80,4.286907,11.125610,15.566152,22.251220,-25.776089,33.201010
Industrial,VW,unlevered,1993Q1,2012Q4,80,2.601828,5.369907,10.197168,10.739815,-20.346786,14.245415
Industrial,VW,levered,1993Q1,2012Q4,80,3.489100,11.034806,11.798594,22.069612,-45.088847,32.739781
Industrial,EW,unlevered,1993Q1,2012Q4,80,2.454159,4.424418,9.759906,8.848837,-17.309824,10.352548
Industrial,EW,levered,1993Q1,2012Q4,80,4.224836,10.898206,15.171415,21.796413,-40.717259,35.780276
Multifamily,VW,unlevered,1993Q1,2012Q4,80,2.488200,5.366772,9.718796,10.733544,-17.541898,17.264125
Multifamily,VW,levered,1993Q1,2012Q4,80,3.451481,10.009214,12.302504,20.018429,-32.929274,36.505444
Multifamily,EW,unlevered,1993Q1,2012Q4,80,2.423941,4.561598,9.613071,9.123197,-15.986407,16.138858
Multifamily,EW,levered,1993Q1,2012Q4,80,3.547012,9.920962,12.767878,19.841925,-32.960183,37.153521
Office,VW,unlevered,1993Q1,2012Q4,80,2.559754,5.745207,9.930347,11.490415,-18.864849,17.153181
Office,VW,levered,1993Q1,2012Q4,80,3.459591,11.736965,11.448957,23.473929,-38.618769,43.264401
Office,EW,unlevered,1993Q1,2012Q4,80,3.127848,5.586522,12.457371,11.173044,-13.953070,22.001844
Office,EW,levered,1993Q1,2012Q4,80,3.954244,11.798505,13.647444,23.597009,-38.776797,41.989808
Shopping Center,VW,unlevered,1993Q1,2012Q4,80,2.341970,6.112094,8.873474,12.224189,-22.706702,11.961196
Shopping Center,VW,levered,1993Q1,2012Q4,80,3.090899,11.306626,9.846620,22.613253,-42.545550,30.267680
Shopping Center,EW,unlevered,1993Q1,2012Q4,80,2.325484,5.049103,9.082158,10.098207,-17.577805,14.545182
Shopping Center,EW,levered,1993Q1,2012Q4,80,3.312840,11.440377,10.961200,22.880754,-38.520613,46.084503
All,VW,unlevered,2013Q1,2025Q4,52,1.577850,5.375840,5.866884,10.751680,-15.752227,11.834646
All,VW,levered,2013Q1,2025Q4,52,1.963008,8.020732,6.736002,16.041465,-24.255798,17.588345
All,EW,unlevered,2013Q1,2025Q4,52,1.592602,4.994725,5.999235,9.989451,-17.656880,10.315626
All,EW,levered,2013Q1,2025Q4,52,2.056997,9.430596,6.549744,18.861192,-33.234505,22.907761
Core,VW,unlevered,2013Q1,2025Q4,52,1.292145,5.988735,4.513183,11.977470,-21.504447,12.138060
Core,VW,levered,2013Q1,2025Q4,52,1.620661,9.187549,4.807020,18.375098,-32.842435,16.414869
Core,EW,unlevered,2013Q1,2025Q4,52,1.492299,5.328858,5.506309,10.657717,-18.748878,10.945017
Core,EW,levered,2013Q1,2025Q4,52,1.930118,9.948112,5.796770,19.896224,-34.115017,22.563725
Non-core,VW,unlevered,2013Q1,2025Q4,52,1.812488,5.204546,6.897811,10.409091,-11.844105,12.794438
Non-core,VW,levered,2013Q1,2025Q4,52,2.251984,7.585245,8.131795,15.170489,-18.421944,18.344776
Non-core,EW,unlevered,2013Q1,2025Q4,52,1.690988,4.789825,6.455935,9.579651,-16.664154,10.256460
Non-core,EW,levered,2013Q1,2025Q4,52,2.186892,9.174274,7.212486,18.348548,-32.434040,23.228071
Diversified,VW,unlevered,2013Q1,2025Q4,52,1.360884,6.015567,4.786623,12.031135,-23.044461,12.817161
Diversified,VW,levered,2013Q1,2025Q4,52,1.869025,10.049701,5.478706,20.099403,-36.146629,21.905098
Diversified,EW,unlevered,2013Q1,2025Q4,52,1.426182,4.849821,5.337352,9.699642,-18.106222,15.097103
Diversified,EW,levered,2013Q1,2025Q4,52,1.760924,10.752855,4.808933,21.505710,-36.780198,37.818011
Health Care,VW,unlevered,2013Q1,2025Q4,52,2.067562,7.098339,7.446720,14.196679,-24.385342,17.100082
Health Care,VW,levered,2013Q1,2025Q4,52,2.597320,10.735302,8.209729,21.470604,-37.376621,24.018269
Health Care,EW,unlevered,2013Q1,2025Q4,52,1.851025,6.038699,6.848043,12.077398,-19.547442,14.057867
Health Care,EW,levered,2013Q1,2025Q4,52,2.686047,10.428134,8.815084,20.856267,-33.270345,23.151493
Hotel,VW,unlevered,2013Q1,2025Q4,52,1.268796,7.774563,3.854493,15.549127,-31.532994,21.534967
Hotel,VW,levered,2013Q1,2025Q4,52,1.643195,13.748921,2.407985,27.497841,-53.677614,50.705418
Hotel,EW,unlevered,2013Q1,2025Q4,52,1.215143,6.266321,4.092091,12.532642,-27.307616,16.502649
Hotel,EW,levered,2013Q1,2025Q4,52,1.251817,14.794742,-0.156921,29.589485,-61.139186,54.309670
Industrial,VW,unlevered,2013Q1,2025Q4,52,2.273168,6.874790,8.436594,13.749581,-13.906243,23.272560
Industrial,VW,levered,2013Q1,2025Q4,52,2.898408,9.339012,10.290394,18.678024,-18.474260,28.387508
Industrial,EW,unlevered,2013Q1,2025Q4,52,2.615360,6.573709,9.977176,13.147418,-13.627925,19.558116
Industrial,EW,levered,2013Q1,2025Q4,52,3.331392,9.732070,11.978488,19.464140,-19.340121,25.044174
Manufactured Home,VW,unlevered,2013Q1,2025Q4,52,2.614468,6.094966,10.092197,12.189931,-13.755986,13.704544
Manufactured Home,VW,levered,2013Q1,2025Q4,52,3.430619,8.555828,12.878840,17.111656,-17.330911,21.167077
Manufactured Home,EW,unlevered,2013Q1,2025Q4,52,2.370255,5.438654,9.202175,10.877308,-13.254580,12.123028
Manufactured Home,EW,levered,2013Q1,2025Q4,52,3.349514,8.686385,12.452751,17.372771,-21.436869,18.686826
Multifamily,VW,unlevered,2013Q1,2025Q4,52,1.586971,6.385003,5.647936,12.770007,-18.699215,12.508962
Multifamily,VW,levered,2013Q1,2025Q4,52,1.987326,8.710763,6.578017,17.421526,-25.087340,16.335707
Multifamily,EW,unlevered,2013Q1,2025Q4,52,1.626998,5.308473,6.077305,10.616946,-16.693120,12.630630
Multifamily,EW,levered,2013Q1,2025Q4,52,2.457548,9.126189,8.379846,18.252379,-29.964555,23.499355
Office,VW,unlevered,2013Q1,2025Q4,52,0.506539,5.826695,1.342345,11.653390,-17.690176,11.910582
Office,VW,levered,2013Q1,2025Q4,52,0.389073,10.441627,-0.703301,20.883255,-28.883083,22.819773
Office,EW,unlevered,2013Q1,2025Q4,52,0.684589,5.290353,2.191803,10.580706,-16.290089,11.479944
Office,EW,levered,2013Q1,2025Q4,52,0.327000,11.099879,-1.204429,22.199758,-28.112462,26.167288
Other Retail,VW,unlevered,2013Q1,2025Q4,52,1.576777,6.865064,5.453401,13.730129,-25.023890,14.020123
Other Retail,VW,levered,2013Q1,2025Q4,52,1.987851,10.424566,5.805811,20.849131,-36.810519,22.143917
Other Retail,EW,unlevered,2013Q1,2025Q4,52,1.876456,6.463926,6.813978,12.927852,-25.422161,13.337320
Other Retail,EW,levered,2013Q1,2025Q4,52,2.653919,10.390864,8.607813,20.781729,-38.988180,26.927244
Regional Mall,VW,unlevered,2013Q1,2025Q4,52,1.621308,8.960409,4.846878,17.920818,-36.562296,19.575983
Regional Mall,VW,levered,2013Q1,2025Q4,52,2.721273,15.694443,5.294020,31.388887,-60.329349,37.194602
Regional Mall,EW,unlevered,2013Q1,2025Q4,52,1.108933,5.149825,3.968817,10.299650,-14.687258,14.066901
Regional Mall,EW,levered,2013Q1,2025Q4,52,0.823059,15.694960,-2.149796,31.389920,-52.592737,42.743722
Self-Storage,VW,unlevered,2013Q1,2025Q4,52,2.530231,8.481363,9.050170,16.962726,-15.154348,23.718249
Self-Storage,VW,levered,2013Q1,2025Q4,52,2.965820,10.607468,10.107993,21.214936,-18.543936,28.967069
Self-Storage,EW,unlevered,2013Q1,2025Q4,52,2.688162,6.984462,10.194875,13.968923,-11.530685,20.895728
Self-Storage,EW,levered,2013Q1,2025Q4,52,3.493920,9.821407,12.716081,19.642814,-15.650094,26.567649
Shopping Center,VW,unlevered,2013Q1,2025Q4,52,1.408560,7.598801,4.495235,15.197602,-30.402327,14.294808
Shopping Center,VW,levered,2013Q1,2025Q4,52,2.123313,12.958514,4.903939,25.917028,-49.025882,30.438203
Shopping Center,EW,unlevered,2013Q1,2025Q4,52,1.456379,6.956748,4.894317,13.913495,-28.752359,14.459292
Shopping Center,EW,levered,2013Q1,2025Q4,52,2.435997,13.540960,5.809212,27.081920,-51.908090,39.374635
Specialty,VW,unlevered,2013Q1,2025Q4,52,1.626757,5.906128,5.969906,11.812256,-10.798468,15.454967
Specialty,VW,levered,2013Q1,2025Q4,52,2.055244,8.612379,6.995703,17.224757,-15.909259,24.469006
Specialty,EW,unlevered,2013Q1,2025Q4,52,1.449034,5.269475,5.361715,10.538951,-11.126742,13.553681
Specialty,EW,levered,2013Q1,2025Q4,52,1.887765,8.586873,6.276006,17.173747,-18.180684,25.240342
